name;em;asd;asd;asd;asd;date;logg hour
A;a;a;a;a;a;2022-05-15;1
B;a;a;a;a;a;2022-05-16;2
C;a;a;a;a;a;2022-05-17;3
A;a;a;a;a;a;2022-05-17;4
K;a;a;a;a;a;2022-05-15;1
L;a;a;a;a;a;2022-05-16;2
M;a;a;a;a;a;2022-05-17;3
N;a;a;a;a;a;2022-05-17;4
A;a;a;a;a;a;2022-05-15;1
B2;a;a;a;a;a;2022-05-16;2
C;a;a;a;a;a;2022-05-17;3
A;a;a;a;a;a;2022-05-17;4
K;a;a;a;a;a;2022-05-15;1
L;a;a;a;a;a;2022-05-16;2
M;a;a;a;a;a;2022-05-17;3
N;a;a;a;a;a;2022-05-17;4
A;a;a;a;a;a;2022-05-15;1
B;a;a;a;a;a;2022-05-16;2
C;a;a;a;a;a;2022-05-17;3
A;a;a;a;a;a;2022-05-17;4
K;a;a;a;a;a;2022-05-15;1
L;a;a;a;a;a;2022-05-16;2
M;a;a;a;a;a;2022-05-17;3
N;a;a;a;a;a;2022-05-17;4
A;a;a;a;a;a;2022-05-15;1
B2;a;a;a;a;a;2022-05-16;2
C;a;a;a;a;a;2022-05-17;3
A;a;a;a;a;a;2022-05-17;4
K;a;a;a;a;a;2022-05-15;1
L;a;a;a;a;a;2022-05-16;2
M;a;a;a;a;a;2022-05-17;3
N;a;a;a;a;a;2022-05-17;4
A;a;a;a;a;a;2022-05-15;1
B;a;a;a;a;a;2022-05-16;2
C;a;a;a;a;a;2022-05-17;3
A;a;a;a;a;a;2022-05-17;4
K;a;a;a;a;a;2022-05-15;1
L;a;a;a;a;a;2022-05-16;2
M;a;a;a;a;a;2022-05-17;3
N;a;a;a;a;a;2022-05-17;4
A;a;a;a;a;a;2022-05-15;1
B2;a;a;a;a;a;2022-05-16;2
C;a;a;a;a;a;2022-05-17;3
A;a;a;a;a;a;2022-05-17;4
K;a;a;a;a;a;2022-05-15;1
L;a;a;a;a;a;2022-05-16;2
M;a;a;a;a;a;2022-05-17;3
N;a;a;a;a;a;2022-05-17;4
A;a;a;a;a;a;2022-05-15;1
B;a;a;a;a;a;2022-05-16;2
C;a;a;a;a;a;2022-05-17;3
A;a;a;a;a;a;2022-05-17;4
K;a;a;a;a;a;2022-05-15;1
L;a;a;a;a;a;2022-05-16;2
M;a;a;a;a;a;2022-05-17;3
N;a;a;a;a;a;2022-05-17;4
A;a;a;a;a;a;2022-05-15;1
B2;a;a;a;a;a;2022-05-16;2
C;a;a;a;a;a;2022-05-17;3
A;a;a;a;a;a;2022-05-17;4
K;a;a;a;a;a;2022-05-15;1
L;a;a;a;a;a;2022-05-16;2
M;a;a;a;a;a;2022-05-17;3
N;a;a;a;a;a;2022-05-17;4
A;a;a;a;a;a;2022-05-15;1
B;a;a;a;a;a;2022-05-16;2
C;a;a;a;a;a;2022-05-17;3
A;a;a;a;a;a;2022-05-17;4
K;a;a;a;a;a;2022-05-15;1
L;a;a;a;a;a;2022-05-16;2
M;a;a;a;a;a;2022-05-17;3
N;a;a;a;a;a;2022-05-17;4
A;a;a;a;a;a;2022-05-15;1
B2;a;a;a;a;a;2022-05-16;2
C;a;a;a;a;a;2022-05-17;3
A;a;a;a;a;a;2022-05-17;4
K;a;a;a;a;a;2022-05-15;1
L;a;a;a;a;a;2022-05-16;2
M;a;a;a;a;a;2022-05-17;3
N;a;a;a;a;a;2022-05-17;4
A;a;a;a;a;a;2022-05-15;1
B;a;a;a;a;a;2022-05-16;2
C;a;a;a;a;a;2022-05-17;3
A;a;a;a;a;a;2022-05-17;4
K;a;a;a;a;a;2022-05-15;1
L;a;a;a;a;a;2022-05-16;2
M;a;a;a;a;a;2022-05-17;3
N;a;a;a;a;a;2022-05-17;4
A;a;a;a;a;a;2022-05-15;1
B2;a;a;a;a;a;2022-05-16;2
C;a;a;a;a;a;2022-05-17;3
A;a;a;a;a;a;2022-05-17;4
K;a;a;a;a;a;2022-05-15;1
L;a;a;a;a;a;2022-05-16;2
M;a;a;a;a;a;2022-05-17;3
N;a;a;a;a;a;2022-05-17;4
A;a;a;a;a;a;2022-05-15;1
B;a;a;a;a;a;2022-05-16;2
C;a;a;a;a;a;2022-05-17;3
A;a;a;a;a;a;2022-05-17;4
K;a;a;a;a;a;2022-05-15;1
L;a;a;a;a;a;2022-05-16;2
M;a;a;a;a;a;2022-05-17;3
N;a;a;a;a;a;2022-05-17;4
A;a;a;a;a;a;2022-05-15;1
B2;a;a;a;a;a;2022-05-16;2
C;a;a;a;a;a;2022-05-17;3
A;a;a;a;a;a;2022-05-17;4
K;a;a;a;a;a;2022-05-15;1
L;a;a;a;a;a;2022-05-16;2
M;a;a;a;a;a;2022-05-17;3
N;a;a;a;a;a;2022-05-17;4
